<?xml version='1.0' encoding='UTF-8'?>
<?artifactRepository version='1.1.0'?>
<repository name='Bundle pool' type='org.eclipse.equinox.p2.artifact.repository.simpleRepository' version='1'>
  <properties size='2'>
    <property name='p2.system' value='true'/>
    <property name='p2.timestamp' value='1343461781827'/>
  </properties>
  <mappings size='3'>
    <rule filter='(&amp; (classifier=osgi.bundle))' output='${repoUrl}/plugins/${id}_${version}.jar'/>
    <rule filter='(&amp; (classifier=binary))' output='${repoUrl}/binary/${id}_${version}'/>
    <rule filter='(&amp; (classifier=org.eclipse.update.feature))' output='${repoUrl}/features/${id}_${version}.jar'/>
  </mappings>
  <artifacts size='32'>
    <artifact classifier='osgi.bundle' id='org.eclipse.equinox.common' version='3.6.100.v20120522-1841'>
      <properties size='1'>
        <property name='download.size' value='106768'/>
      </properties>
    </artifact>
    <artifact classifier='osgi.bundle' id='org.eclipse.jetty.continuation' version='8.1.3.v20120522'>
      <properties size='1'>
        <property name='download.size' value='27326'/>
      </properties>
    </artifact>
    <artifact classifier='osgi.bundle' id='org.eclipse.equinox.app' version='1.3.100.v20120522-1841'>
      <properties size='1'>
        <property name='download.size' value='86389'/>
      </properties>
    </artifact>
    <artifact classifier='osgi.bundle' id='org.apache.commons.logging' version='1.1.1.v201101211721'>
      <properties size='1'>
        <property name='download.size' value='68107'/>
      </properties>
    </artifact>
    <artifact classifier='osgi.bundle' id='org.apache.felix.gogo.shell' version='0.8.0.v201110170705'>
      <properties size='1'>
        <property name='download.size' value='59614'/>
      </properties>
    </artifact>
    <artifact classifier='osgi.bundle' id='org.eclipse.jetty.security' version='8.1.3.v20120522'>
      <properties size='1'>
        <property name='download.size' value='95307'/>
      </properties>
    </artifact>
    <artifact classifier='osgi.bundle' id='org.eclipse.jetty.io' version='8.1.3.v20120522'>
      <properties size='1'>
        <property name='download.size' value='111096'/>
      </properties>
    </artifact>
    <artifact classifier='osgi.bundle' id='org.eclipse.osgi' version='3.8.0.v20120529-1548'>
      <properties size='1'>
        <property name='download.size' value='1396175'/>
      </properties>
    </artifact>
    <artifact classifier='org.eclipse.update.feature' id='com.zizibujuan.drip' version='0.0.1.201207280749'>
      <properties size='1'>
        <property name='download.size' value='1984'/>
      </properties>
      <repositoryProperties size='1'>
        <property name='artifact.folder' value='true'/>
      </repositoryProperties>
    </artifact>
    <artifact classifier='osgi.bundle' id='com.zizibujuan.drip.client.dojo' version='0.0.1.201207280749'>
      <properties size='1'>
        <property name='download.size' value='19308006'/>
      </properties>
    </artifact>
    <artifact classifier='osgi.bundle' id='org.eclipse.osgi.services' version='3.3.100.v20120522-1822'>
      <properties size='1'>
        <property name='download.size' value='83086'/>
      </properties>
    </artifact>
    <artifact classifier='osgi.bundle' id='org.eclipse.jetty.util' version='8.1.3.v20120522'>
      <properties size='1'>
        <property name='download.size' value='282733'/>
      </properties>
    </artifact>
    <artifact classifier='osgi.bundle' id='com.zizibujuan.drip.server.configurator' version='0.0.1.201207280749'>
      <properties size='1'>
        <property name='download.size' value='7948'/>
      </properties>
    </artifact>
    <artifact classifier='osgi.bundle' id='org.eclipse.jetty.http' version='8.1.3.v20120522'>
      <properties size='1'>
        <property name='download.size' value='101520'/>
      </properties>
    </artifact>
    <artifact classifier='osgi.bundle' id='org.eclipse.jetty.servlet' version='8.1.3.v20120522'>
      <properties size='1'>
        <property name='download.size' value='102982'/>
      </properties>
    </artifact>
    <artifact classifier='org.eclipse.update.feature' id='com.zizibujuan.drip.server.feature' version='0.0.1.201207280749'>
      <properties size='1'>
        <property name='download.size' value='2122'/>
      </properties>
      <repositoryProperties size='1'>
        <property name='artifact.folder' value='true'/>
      </repositoryProperties>
    </artifact>
    <artifact classifier='osgi.bundle' id='org.eclipse.equinox.http.registry' version='1.1.200.v20120522-2049'>
      <properties size='1'>
        <property name='download.size' value='45223'/>
      </properties>
    </artifact>
    <artifact classifier='osgi.bundle' id='org.eclipse.equinox.http.jetty' version='3.0.0.v20120522-1841'>
      <properties size='1'>
        <property name='download.size' value='25259'/>
      </properties>
    </artifact>
    <artifact classifier='osgi.bundle' id='org.eclipse.equinox.http.servlet' version='1.1.300.v20120522-1841'>
      <properties size='1'>
        <property name='download.size' value='45068'/>
      </properties>
    </artifact>
    <artifact classifier='osgi.bundle' id='javax.servlet' version='3.0.0.v201112011016'>
      <properties size='1'>
        <property name='download.size' value='200387'/>
      </properties>
    </artifact>
    <artifact classifier='osgi.bundle' id='org.apache.felix.gogo.runtime' version='0.8.0.v201108120515'>
      <properties size='1'>
        <property name='download.size' value='78791'/>
      </properties>
    </artifact>
    <artifact classifier='osgi.bundle' id='org.apache.felix.gogo.command' version='0.8.0.v201108120515'>
      <properties size='1'>
        <property name='download.size' value='56376'/>
      </properties>
    </artifact>
    <artifact classifier='osgi.bundle' id='org.eclipse.equinox.launcher' version='1.3.0.v20120522-1813'>
      <properties size='1'>
        <property name='download.size' value='49278'/>
      </properties>
    </artifact>
    <artifact classifier='osgi.bundle' id='com.zizibujuan.drip.client.core' version='0.0.1.201207280749'>
      <properties size='1'>
        <property name='download.size' value='2114'/>
      </properties>
    </artifact>
    <artifact classifier='org.eclipse.update.feature' id='com.zizibujuan.drip.client.feature' version='0.0.1.201207280749'>
      <properties size='1'>
        <property name='download.size' value='2124'/>
      </properties>
      <repositoryProperties size='1'>
        <property name='artifact.folder' value='true'/>
      </repositoryProperties>
    </artifact>
    <artifact classifier='org.eclipse.update.feature' id='com.zizibujuan.drip.base.feature' version='0.0.1.201207280749'>
      <properties size='1'>
        <property name='download.size' value='2561'/>
      </properties>
      <repositoryProperties size='1'>
        <property name='artifact.folder' value='true'/>
      </repositoryProperties>
    </artifact>
    <artifact classifier='osgi.bundle' id='org.eclipse.equinox.ds' version='1.4.0.v20120522-1841'>
      <properties size='1'>
        <property name='download.size' value='194031'/>
      </properties>
    </artifact>
    <artifact classifier='osgi.bundle' id='org.eclipse.equinox.registry' version='3.5.200.v20120522-1841'>
      <properties size='1'>
        <property name='download.size' value='184236'/>
      </properties>
    </artifact>
    <artifact classifier='osgi.bundle' id='org.eclipse.jetty.server' version='8.1.3.v20120522'>
      <properties size='1'>
        <property name='download.size' value='344660'/>
      </properties>
    </artifact>
    <artifact classifier='osgi.bundle' id='org.eclipse.equinox.util' version='1.0.400.v20120522-2049'>
      <properties size='1'>
        <property name='download.size' value='78018'/>
      </properties>
    </artifact>
    <artifact classifier='osgi.bundle' id='org.eclipse.equinox.console' version='1.0.0.v20120522-1841'>
      <properties size='1'>
        <property name='download.size' value='111187'/>
      </properties>
    </artifact>
    <artifact classifier='osgi.bundle' id='org.eclipse.equinox.launcher.gtk.linux.x86' version='1.1.200.v20120522-1813'>
      <properties size='1'>
        <property name='download.size' value='75249'/>
      </properties>
      <repositoryProperties size='1'>
        <property name='artifact.folder' value='true'/>
      </repositoryProperties>
    </artifact>
  </artifacts>
</repository>
